Datetime,Water Level (m)
2025-08-30 12:00:00,-8.501
2025-08-30 13:00:00,-8.501
2025-08-30 14:00:00,-8.501
2025-08-30 15:00:00,0.010689734
2025-08-30 16:00:00,0.14151262
2025-08-30 17:00:00,0.15207691
2025-08-30 18:00:00,0.16945973
2025-08-30 19:00:00,0.17065568
2025-08-30 20:00:00,0.17757629
2025-08-30 21:00:00,0.17178562
2025-08-30 22:00:00,0.16683123
2025-08-30 23:00:00,0.15903965
2025-08-31 00:00:00,0.15667206
2025-08-31 01:00:00,0.15850537
2025-08-31 02:00:00,0.16642407
2025-08-31 03:00:00,0.1793054
2025-08-31 04:00:00,0.19379686
2025-08-31 05:00:00,0.20886661
2025-08-31 06:00:00,0.2223315
2025-08-31 07:00:00,0.23235251
2025-08-31 08:00:00,0.23840322
2025-08-31 09:00:00,0.23937194
2025-08-31 10:00:00,0.23762913
2025-08-31 11:00:00,0.23364872
2025-08-31 12:00:00,0.23146026
2025-08-31 13:00:00,0.23350559
2025-08-31 14:00:00,0.23947671
2025-08-31 15:00:00,0.2485501
2025-08-31 16:00:00,0.2598489
2025-08-31 17:00:00,0.27143154
2025-08-31 18:00:00,0.28091827
2025-08-31 19:00:00,0.28660122
2025-08-31 20:00:00,0.2881835
2025-08-31 21:00:00,0.285965
2025-08-31 22:00:00,0.28053522
2025-08-31 23:00:00,0.2730637
2025-09-01 00:00:00,0.26599026
2025-09-01 01:00:00,0.26289114
2025-09-01 02:00:00,0.26551163
2025-09-01 03:00:00,0.27188703
2025-09-01 04:00:00,0.28180748
2025-09-01 05:00:00,0.294306
2025-09-01 06:00:00,0.30733165
2025-09-01 07:00:00,0.31918448
2025-09-01 08:00:00,0.32840446
2025-09-01 09:00:00,0.3341296
2025-09-01 10:00:00,0.34006926
2025-09-01 11:00:00,0.3528495
2025-09-01 12:00:00,0.37437543
2025-09-01 13:00:00,0.40274292
2025-09-01 14:00:00,0.43568435
2025-09-01 15:00:00,0.47469467
2025-09-01 16:00:00,0.5182419
2025-09-01 17:00:00,0.56308913
2025-09-01 18:00:00,0.60826063
2025-09-01 19:00:00,0.6514263
2025-09-01 20:00:00,0.6918102
2025-09-01 21:00:00,0.7281057
2025-09-01 22:00:00,0.75761306
2025-09-01 23:00:00,0.7850049
2025-09-02 00:00:00,0.81426185
2025-09-02 01:00:00,0.8446365
2025-09-02 02:00:00,0.87475157
2025-09-02 03:00:00,0.9046127
2025-09-02 04:00:00,0.9380813
2025-09-02 05:00:00,0.97562104
2025-09-02 06:00:00,1.0157137
2025-09-02 07:00:00,1.0567834
2025-09-02 08:00:00,1.0988797
2025-09-02 09:00:00,1.1379977
2025-09-02 10:00:00,1.1709663
2025-09-02 11:00:00,1.2065815
2025-09-02 12:00:00,1.2368609
2025-09-02 13:00:00,1.2640858
2025-09-02 14:00:00,1.2872927
2025-09-02 15:00:00,1.3065448
2025-09-02 16:00:00,1.3271043
2025-09-02 17:00:00,1.3480732
2025-09-02 18:00:00,1.3700957
2025-09-02 19:00:00,1.3924439
2025-09-02 20:00:00,1.4131669
2025-09-02 21:00:00,1.4320772
2025-09-02 22:00:00,1.4483999
2025-09-02 23:00:00,1.4628018
2025-09-03 00:00:00,1.4761739
2025-09-03 01:00:00,1.4884497
2025-09-03 02:00:00,1.4999099
2025-09-03 03:00:00,1.508445
2025-09-03 04:00:00,1.5225202
2025-09-03 05:00:00,1.5385015
2025-09-03 06:00:00,1.5589639
2025-09-03 07:00:00,1.584968
2025-09-03 08:00:00,1.6141238
2025-09-03 09:00:00,1.6393993
2025-09-03 10:00:00,1.6661484
2025-09-03 11:00:00,1.6910639
2025-09-03 12:00:00,1.7128515
2025-09-03 13:00:00,1.7311033
2025-09-03 14:00:00,1.7460964
2025-09-03 15:00:00,1.7583076
2025-09-03 16:00:00,1.7683444
2025-09-03 17:00:00,1.7773397
2025-09-03 18:00:00,1.7871201
2025-09-03 19:00:00,1.7996862
2025-09-03 20:00:00,1.8149616
2025-09-03 21:00:00,1.8307074
2025-09-03 22:00:00,1.8459479
2025-09-03 23:00:00,1.8611102
2025-09-04 00:00:00,1.8738985
2025-09-04 01:00:00,1.884168
2025-09-04 02:00:00,1.8917079
2025-09-04 03:00:00,1.8971206
2025-09-04 04:00:00,1.9011244
2025-09-04 05:00:00,1.9054097
2025-09-04 06:00:00,1.9122719
2025-09-04 07:00:00,1.9246544
2025-09-04 08:00:00,1.9426295
2025-09-04 09:00:00,1.9643439
2025-09-04 10:00:00,1.9871006
2025-09-04 11:00:00,2.0083716
2025-09-04 12:00:00,2.0138614
2025-09-04 13:00:00,2.0349925
2025-09-04 14:00:00,2.0469272
2025-09-04 15:00:00,2.0559702
2025-09-04 16:00:00,2.0648422
2025-09-04 17:00:00,2.0717816
2025-09-04 18:00:00,2.0789244
2025-09-04 19:00:00,2.0887055
2025-09-04 20:00:00,2.1034298
2025-09-04 21:00:00,2.1219594
2025-09-04 22:00:00,2.137753
2025-09-04 23:00:00,2.1534266
2025-09-05 00:00:00,2.166048
2025-09-05 01:00:00,2.176844
2025-09-05 02:00:00,2.184987
2025-09-05 03:00:00,2.1907961
2025-09-05 04:00:00,2.1938782
2025-09-05 05:00:00,2.1953313
2025-09-05 06:00:00,2.197141
2025-09-05 07:00:00,2.1998787
2025-09-05 08:00:00,2.2101712
2025-09-05 09:00:00,2.225393
2025-09-05 10:00:00,2.2446277
2025-09-05 11:00:00,2.264583
2025-09-05 12:00:00,2.2817566
